{
  "$schema": "https://railway.app/railway.schema.json",
  "build": {
    "builder": "NIXPACKS",
    "buildCommand": "pip install -r requirements.txt && python manage.py collectstatic --noinput"
  },
  "deploy": {
    "startCommand": "bash deploy.sh",
    "restartPolicyType": "ON_FAILURE",
    "restartPolicyMaxRetries": 3
  },
  "environments": {
    "production": {
      "variables": {
        "DJANGO_SETTINGS_MODULE": "oauth_hub.settings",
        "DEBUG": "False",
        "ALLOWED_HOSTS": "*",
        "SECURE_SSL_REDIRECT": "True",
        "SECURE_PROXY_SSL_HEADER": "HTTP_X_FORWARDED_PROTO,https"
      }
    },
    "development": {
      "variables": {
        "DJANGO_SETTINGS_MODULE": "oauth_hub.settings",
        "DEBUG": "True"
      }
    }
  }
}